{"cameraMode":{"drawMode":0,"name":"Shaded","section":"Shading Mode"},"sceneLighting":true,"audioPlay":false,"sceneViewState":{"showFog":false,"showMaterialUpdate":false,"showSkybox":true,"showFlares":false,"showImageEffects":false,"showParticleSystems":false},"in2DMode":false,"pivot":{"x":168.013916015625,"y":9.023446083068848,"z":108.91553497314453},"rotation":{"x":0.15703952312469483,"y":-0.6207202672958374,"z":0.12850144505500794,"w":0.7574584484100342},"size":18.519447326660158,"orthographic":false}